
{
    "SUCCESS":"success",
    "LOGIN_ERROR":"Incorrect email/phone or password.",
    "SOCIALLOGIN":"Your account associated with social login.",
    "ACC_BLOCK":"Your account has been blocked.",
    "ACC_DELETE":"Your account not longer exists with Polici Cue.",
    "ACC_NOT_VERIFY":"Your account is not verified!",
    "EMAIL_ALREADY_EXISTS":"Email already exists.",
    "EMAIL_NOT_EXISTS":"Email does not exists.",
    "EMAIL_ALREADY":"Email already exists.Please login into account!",
    "OTP_NOT_MATCH":"OTP not matched.",
    "OTP_SEND":"OTP send successfully",
    "OTP_NOT_MATCH_VERIFY":"OTP not matched.Please verify by OTP first",
    "RESETTOKEN":"Password reset token is invalid or has expired.",
    "OLD_PWD_INCORRECT":"The old password you have entered is incorrect.",
    "NO_RECORD":"No record found"
}
